day_of_year,T_mean_C,T_max_C,RH_mean_pct,GHI_mean_Wm2
1,13.677213267954745,17.69936492644909,54.54759561459349,401.8935393155115
2,13.707196358620635,17.733095903448216,54.404107375898235,403.7869383542836
3,13.739488625187942,17.769424703336433,54.262277320956755,405.6800568499692
4,13.774080498761162,17.808340561106306,54.122147477075266,407.5727545570041
5,13.810961729021594,17.849831945149294,53.98375936775078,409.4648912609967
6,13.850121387264755,17.893886560672847,53.84715400036672,411.3563267891158
7,13.89154786963877,17.940491353343617,53.712371854041656,413.2469210204745
8,13.93522890058286,17.98963251315572,53.57945286763436,415.13653389651034
9,13.981151536464836,18.04129547852294,53.448436427909144,417.0250254313619
10,14.0293021694166,18.095464940593672,53.319361357864665,418.9122557222382
11,14.079666531366428,18.152124847787228,53.19226590522984,420.79808495978386
12,14.132229698266922,18.211258410550286,53.067187731130225,422.68237343843566
13,14.18697609451733,18.272848106332,52.944163898928224,424.56498156677276
14,14.243889497578913,18.336875684776277,52.82323086324038,426.4457698778576
15,14.302953042782054,18.40332217312981,52.704424459135126,428.3245990395678
16,14.364149228323612,18.472167881864063,52.58777989151404,430.20132986491825
17,14.427459920453092,18.54339241050973,52.473331724679916,432.0758233223724
18,14.492866358846058,18.616974653701813,52.36111387209457,433.94794054614187
19,14.560349162163226,18.69289280743363,52.25115958632959,435.81754284647366
20,14.629888333793577,18.771124375517772,52.143501449212856,437.68449171992506
21,14.701463267779777,18.85164617625225,52.03817136217384,439.54864885962365
22,14.775052754924175,18.934434349289695,51.93520053679055,441.4098761655137
23,14.850634989073537,19.01946436270773,51.83461948554084,443.2680357545868
24,14.928187573580686,19.106711020278272,51.736458012760906,445.1229899710962
25,15.007687527941112,19.19614846893375,51.64074520581363,446.97460139675513
26,15.089111294602588,19.287750206427912,51.54750942646937,448.8227328609164
27,15.172434745945782,19.381489089189003,51.45677830250173,450.6672474507347
28,15.257633191433797,19.47733734036302,51.36857871950089,452.508008521309
29,15.344681384928498,19.57526655804456,51.28293681290678,454.34487970580585
30,15.433553532171501,19.675247723692937,51.199877960264644,456.17772492556117
31,15.524223298427557,19.777251210731002,51.11942677370507,458.0064084001616
32,15.616663816288117,19.88124679332413,51.04160709265091,459.8307946575032
33,15.7108476936327,19.98720365533679,50.96644197675315,461.65074854382755
34,15.806747021745803,20.095090399464027,50.89395369905784,463.466135233734
35,15.904333383586824,20.204875056535176,50.82416373940606,465.27682024016786
36,16.003577862210665,20.316525094986996,50.757092778069065,467.0826694243836
37,16.104451049336436,20.43000743050349,50.69276068962021,468.88354900588183
38,16.206923054061775,20.545288435819494,50.631186537045686,470.6793255723202
39,16.31096351172015,20.662333950685166,50.572388566095796,472.46986608939665
40,16.41654159287858,20.781109291988404,50.51638419987829,474.2550379107049
41,16.52362601247306,20.901579264032193,50.46319003369554,476.0347087875613
42,16.63218503907899,21.023708168963864,50.41282183012704,477.80874687880174
43,16.742186504313892,21.14745981735313,50.36529451435851,479.57702076054886
44,16.853597812369593,21.272797538915793,50.32062216975936,481.33939943594805
45,16.966385949671057,21.39968419337994,50.278818033709385,483.09575234487227
46,17.08051749465904,21.528082181491424,50.23989449367632,484.84594937359356
47,17.195958627693603,21.657953456155305,50.2038630835451,486.5898608644227
48,17.312675141075598,21.789259533710048,50.17073448020018,488.32735762531405
49,17.430632449183165,21.921961505331062,50.140518500361694,490.0583109394367
50,17.54979559872018,22.056020048560207,50.11322409767659,491.7825925747097
51,17.67012927907369,22.191395438957905,50.088859360065456,493.50007479330185
52,17.791597832777192,22.328047561874342,50.06743150732586,495.21063036109484
53,17.914165266076715,22.465935924336303,50.04894688899302,496.91413255710887
54,18.03779525959655,22.60501966704612,50.0334109824583,498.61045518289035
55,18.162451179101467,22.74525757648915,50.02082839134608,500.2994725718609
56,18.288096086352216,22.886608097146244,50.011202844149665,501.9810595986272
57,18.414692750051145,23.029029343807537,50.004537193126424,503.65509168825
58,18.542203656874616,23.172479113983943,50.000833413452625,505.32144482547346
59,18.670591022589026,23.316914900412655,50.0000926026381,506.9799955639118
60,18.799816803247094,23.46229390365298,50.00231498020109,508.63062103519496
61,18.929842706461084,23.60857304476872,50.00749988760317,510.2731989580706
62,19.06063020274969,23.7557089780934,50.01564578844436,511.907607647463
63,19.19214053695513,23.90365810407452,50.02675026891845,513.5337260234876
64,19.324334739727156,24.05237658219305,50.04081003852821,515.151433620421
65,19.457173639070504,24.201820343954317,50.057820931060476,516.7606105956253
66,19.5906178719524,24.35194510594645,50.07777790582068,518.3611377384259
67,19.724627895966677,24.50270638296251,50.100675049126465,519.9528964789432
68,19.859164001051045,24.654059501182427,50.12650557606014,521.5357688968763
69,19.99418632125405,24.805959611410803,50.15526183247908,523.1096377302389
70,20.129654846548178,24.9583617023667,50.18693529728391,524.6743863840459
71,20.26552943468575,25.11122061402147,50.22151658494343,526.2298989389515
72,20.401769823093883,25.264491050980617,50.2589954482758,527.7760601598362
73,20.53833564080518,25.418127595905826,50.29936078148493,529.3127555043441
74,20.67518642042052,25.572084722973088,50.34260062345145,530.839871131368
75,20.812281610100428,25.72631681136298,50.388702161276996,532.3572939094829
76,20.94958058558144,25.880778158779123,50.437651734080944,533.8649114253277
77,21.08704266221397,26.035422994990718,50.489434837048464,535.3626119919321
78,21.224627107018033,26.19020549539529,50.544036125728574,536.8502846569909
79,21.362293150753324,26.34507979459749,50.601439420581045,538.3278192110836
80,21.5,26.5,50.66162771177075,539.795106195839
81,21.637706849246676,26.65492020540251,50.724583164208035,541.252036912044
82,21.775372892981967,26.80979450460471,50.790287122833654,542.6985034276959
83,21.91295733778603,26.964577005009282,50.858720118146664,544.1343985859987
84,22.05041941441856,27.119221841220877,50.92986187197364,545.5596160133013
85,22.187718389899572,27.27368318863702,51.00369130347757,546.9740501269773
86,22.32481357957948,27.427915277026912,51.080186535404515,548.377596143248
87,22.46166435919482,27.581872404094174,51.15932490056636,549.7701500849436
88,22.598230176906117,27.735508949019383,51.24108294855757,551.1516087892068
89,22.73447056531425,27.88877938597853,51.32543645270403,552.5218699151351
90,22.870345153451822,28.0416382976333,51.41236041724197,553.8808319513623
91,23.00581367874595,28.194040388589197,51.50182908472472,555.2283942235791
92,23.140835998948955,28.345940498817573,51.593815943655216,556.5644569019904
93,23.275372104033323,28.49729361703749,51.68829373634192,557.8889210087116
94,23.4093821280476,28.64805489405355,51.78523446697586,559.2016884251007
95,23.542826360929496,28.798179656045683,51.88460940992639,560.5026618990273
96,23.675665260272844,28.94762341780695,51.986389118253236,561.7917450520767
97,23.80785946304487,29.09634189592548,52.09054343243223,563.0688423866911
98,23.93936979725031,29.2442910219066,52.197041489292246,564.3338592932421
99,24.070157293538916,29.39142695523128,52.30585173116062,565.5867020570419
100,24.200183196752906,29.53770609634702,52.41694191521437,566.8272778652838
101,24.329408977410974,29.683085099587345,52.53027912303445,568.0554948139194
102,24.457796343125384,29.827520886016057,52.645829770360145,569.2712619144663
103,24.585307249948855,29.970970656192463,52.763559617040876,570.474489100749
104,24.711903913647784,30.113391902853756,52.883433777182255,571.6650872355706
105,24.837548820898533,30.25474242351085,53.00541672948353,572.8429681173172
106,24.96220474040345,30.39498033295388,53.12947232776333,574.0080444864909
107,25.085834733923285,30.534064075663697,53.25556381167055,575.1602300321754
108,25.208402167222808,30.671952438125658,53.38365381757722,576.2994393984288
109,25.32987072092631,30.808604561042095,53.51370438965019,577.4255881906079
110,25.45020440127982,30.943979951439793,53.64567699109823,578.5385929816194
111,25.569367550816835,31.078038494668938,53.77953251559133,579.6383713181016
112,25.687324858924402,31.210740466289952,53.91523129884874,580.7248417265312
113,25.804041372306397,31.342046543844695,54.05273313039237,581.7979237192601
114,25.91948250534096,31.471917818508576,54.19199726546199,582.8575378004778
115,26.033614050328943,31.60031580662006,54.33298243708882,583.9036054721001
116,26.146402187630407,31.727202461084207,54.47564686832381,584.9360492395851
117,26.257813495686108,31.85254018264687,54.619948284617,585.9547926176739
118,26.36781496092101,31.976291831036136,54.765843926344495,586.9597601360562
119,26.47637398752694,32.09842073596781,54.91329056147896,587.9508773449619
120,26.58345840712142,32.2188907080116,55.062244498400226,588.9280708206766
121,26.68903648827985,32.337666049314834,55.21266159884212,589.8912681709805
122,26.793076945938225,32.454711564180506,55.36449729097149,590.8403980405113
123,26.895548950663564,32.569992569496506,55.51770658259589,591.7753901160509
124,26.996422137789335,32.683474905013,55.67224407449569,592.6961751317334
125,27.095666616413176,32.79512494346483,55.82806397387683,593.6026848741778
126,27.193252978254197,32.90490960053597,55.98512010794027,594.49485218754
127,27.2891523063673,33.012796344663215,56.14336593756393,595.3726109784885
128,27.383336183711883,33.11875320667587,56.30275457109327,596.2358962211007
129,27.475776701572443,33.222748789269,56.46323877823628,597.08464396168
130,27.5664464678285,33.32475227630706,56.624771004058864,597.9187913234935
131,27.6553186150715,33.42473344195544,56.787303383076356,598.7382765114305
132,27.742366808566203,33.52266265963698,56.95078775343711,599.5430388165798
133,27.827565254054218,33.618510910811,57.11517567119391,600.3330186207276
134,27.91088870539741,33.71224979357209,57.28041842465895,601.1081574007734
135,27.992312472058888,33.80385153106625,57.44646704883813,601.8683977330666
136,28.071812426419314,33.89328897972173,57.6132723399405,602.6136832976596
137,28.149365010926463,33.98053563729227,57.780784869958346,603.3439588824805
138,28.224947245075825,34.065565650710305,57.948955001313806,604.0591703874233
139,28.29853673222022,34.14835382374775,58.11773290156756,604.7592648283555
140,28.370111666206423,34.22887562448223,58.287068558185226,605.4441903410435
141,28.439650837836773,34.30710719256637,58.456911793357186,606.1138961849949
142,28.507133641153942,34.38302534629818,58.627212278867354,606.768332747217
143,28.572540079546908,34.456607589490275,58.79791955100647,607.4074515458926
144,28.635850771676388,34.52783211813593,58.96898302552565,608.0312052339714
145,28.697046957217946,34.59667782687019,59.140352012625534,608.6395476026778
146,28.756110502421087,34.663124315223726,59.3119757319768,609.2324335849338
147,28.81302390548267,34.727151893668,59.48380332776746,609.8098192586981
148,28.867770301733078,34.788741589449714,59.65578388377254,610.3716618502192
149,28.920333468633572,34.84787515221277,59.82786643844165,610.9179197372052
150,28.9706978305834,34.90453505940633,60.0,611.4485524519062
151,29.018848463535164,34.95870452147706,60.17213356155835,611.9635206841127
152,29.06477109941714,35.01036748684428,60.34421611622746,612.4627862840681
153,29.10845213036123,35.05950864665638,60.51619667223254,612.9463122652942
154,29.149878612735243,35.10611343932715,60.6880242680232,613.4140628073316
155,29.189038270978408,35.15016805485071,60.859647987374466,613.8660032583934
156,29.225919501238838,35.191659438893694,61.03101697447435,614.3021001379325
157,29.260511374812058,35.23057529666357,61.20208044899353,614.722321139121
158,29.292803641379365,35.266904096551784,61.372787721132646,615.1266351312445
159,29.322786732045255,35.30063507355091,61.543088206642814,615.5150121620078
160,29.350451762172874,35.331758232444486,61.712931441814774,615.887423459754
161,29.375790534016737,35.36026435076883,61.88226709843244,616.2438414355961
162,29.39879553915189,35.386144981545876,62.051044998686194,616.5842396854603
163,29.419459960698823,35.409392455786175,62.219215130041654,616.9085929920427
164,29.437777675343458,35.429999884761386,62.3867276600595,617.216877326677
165,29.453743255151615,35.447961162045566,62.55353295116187,617.5090698511149
166,29.467351969177432,35.46327096532461,62.71958157534105,617.7851489192177
167,29.478599784865246,35.4759247579734,62.88482432880609,618.04509407856
168,29.487483369244515,35.48591879040008,63.04921224656289,618.2888860719451
169,29.494000089917467,35.49325010115715,63.212696616923644,618.5165068388312
170,29.498148015839128,35.49791651781902,63.375228995941136,618.7279395166695
171,29.49992591788952,35.49991665762571,63.53676122176372,618.9231684421535
172,29.4993332692379,35.49924992789264,63.69724542890673,619.1021791523794
173,29.49637024549886,35.495916526186214,63.85663406243607,619.2649583859175
174,29.491037724680268,35.4899174402653,64.01487989205972,619.4114940837942
175,29.48333728692314,35.48125444778853,64.17193602612316,619.5417753903863
176,29.47327121403336,35.469930115787534,64.3277559255043,619.6557926542241
177,29.460842488805582,35.455947799906276,64.48229341740411,619.7535374287074
178,29.446054794139314,35.439311643406725,64.63550270902851,619.8350024727304
179,29.428912511947637,35.420026575941094,64.78733840115788,619.9001817512186
180,29.409420721858723,35.398098312091065,64.93775550159977,619.949070435576
181,29.387585199710642,35.373533349674474,65.08670943852104,619.9816649040423
182,29.363412415839857,35.34633896781984,65.2341560736555,619.9979627419618
183,29.33690953316392,35.31652322480941,65.38005171538299,619.9979627419618
184,29.308084405058946,35.284094955691316,65.5243531316762,619.9816649040423
185,29.276945573032492,35.249063769661554,65.66701756291118,619.949070435576
186,29.243502264192514,35.21144004721658,65.80800273453801,619.9001817512186
187,29.20776438851319,35.171234937077344,65.94726686960763,619.8350024727304
188,29.169742535898372,35.12846035288567,66.08476870115126,619.7535374287074
189,29.129447973043565,35.08312896967401,66.22046748440867,619.6557926542241
190,29.08689264009737,35.03525422010954,66.35432300890177,619.5417753903863
191,29.042089147123367,34.98485029051379,66.48629561034981,619.4114940837942
192,28.995050770363452,34.931932116658885,66.61634618242279,619.2649583859175
193,28.945791448303837,34.87651537934181,66.74443618832946,619.1021791523794
194,28.894325777544747,34.81861649973784,66.87052767223668,618.9231684421535
195,28.84066900847515,34.75825263453454,66.99458327051647,618.7279395166695
196,28.78483704075373,34.69544167084795,67.11656622281775,618.5165068388312
197,28.726846418597475,34.63020222092216,67.23644038295913,618.2888860719451
198,28.666714325879273,34.56255361661418,67.35417022963985,618.04509407856
199,28.604458581035946,34.492515903665435,67.46972087696555,617.7851489192177
200,28.540097631788285,34.42010983576182,67.58305808478562,617.5090698511149
201,28.473650549674574,34.345356868383895,67.69414826883937,617.216877326677
202,28.40513702439929,34.2682791524492,67.80295851070775,616.9085929920427
203,28.334577357998615,34.18889952774845,67.90945656756777,616.5842396854603
204,28.26199245882451,34.10724151617757,68.01361088174677,616.2438414355961
205,28.187403835349098,34.023329314767736,68.11539059007362,615.887423459754
206,28.110833589791277,33.93718778851519,68.21476553302415,615.5150121620078
207,28.032304411567328,33.84884246301324,68.31170626365808,615.1266351312445
208,27.951839570567557,33.758319516888506,68.40618405634478,614.722321139121
209,27.86946291026093,33.66564577404354,68.49817091527528,614.3021001379325
210,27.785198840629718,33.570848695708435,68.58763958275803,613.8660032583934
211,27.699072330936325,33.47395637230336,68.67456354729597,613.4140628073316
212,27.611108902324343,33.374997515114885,68.75891705144242,612.9463122652942
213,27.521334620256066,33.27400144778807,68.84067509943364,612.4627862840681
214,27.429776086788767,33.170998097637366,68.91981346459548,611.9635206841127
215,27.3364604326919,33.06601798677839,68.99630869652243,611.4485524519062
216,27.241415309407696,32.95909222308366,69.07013812802636,610.9179197372052
217,27.144668880857424,32.8502524909646,69.14127988185334,610.3716618502192
218,27.04624981509582,32.7395310419828,69.20971287716634,609.8098192586981
219,26.94618727581613,32.62696068529314,69.27541683579197,609.2324335849338
220,26.84451091370827,32.5125747779218,69.33837228822925,608.6395476026778
221,26.741250857672682,32.39640721488177,69.39856057941896,608.0312052339714
222,26.63643770589251,32.27849241912907,69.45596387427142,607.4074515458926
223,26.530102516766675,32.158865331362506,69.51056516295154,606.7683327472171
224,26.422276799706623,32.03756139966995,69.56234826591906,606.1138961849949
225,26.31299250579938,31.914616569024304,69.611297838723,605.4441903410435
226,26.202282018339787,31.79006727063226,69.65739937654855,604.7592648283555
227,26.090178143234596,31.66395041113892,69.70063921851508,604.0591703874233
228,25.976714099281413,31.536303361691587,69.7410045517242,603.3439588824806
229,25.86192350832521,31.407163946865857,69.77848341505657,602.6136832976597
230,25.745840385295466,31.2765704334574,69.81306470271609,601.8683977330666
231,25.628499128126823,31.144561519142677,69.84473816752092,601.1081574007735
232,25.509934507566207,31.01117632101198,69.87349442393986,600.3330186207276
233,25.39018165686952,30.876454363978212,69.89932495087353,599.5430388165798
234,25.26927606139091,30.740435569064772,69.92222209417932,598.7382765114306
235,25.14725354806767,30.603160241576127,69.94217906893952,597.9187913234936
236,25.02415027480396,30.464669059154456,69.9591899614718,597.08464396168
237,24.900002719756433,30.325003059725987,69.97324973108155,596.2358962211007
238,24.77484767052497,30.18420362934059,69.98435421155564,595.3726109784885
239,24.648722213251734,30.042312489908202,69.99250011239684,594.49485218754
240,24.521663721631718,29.899371686835686,69.99768501979891,593.6026848741778
241,24.393709845838142,29.75542357656791,69.99990739736191,592.6961751317334
242,24.264898501365867,29.6105108140366,69.99916658654737,591.7753901160509
243,24.135267857796244,29.464676340020773,69.99546280687358,590.8403980405113
244,24.004856327486614,29.317963368422443,69.98879715585034,589.8912681709805
245,23.873702554187926,29.170415373461417,69.97917160865393,588.9280708206767
246,23.74184540159373,29.022076076792942,69.96658901754171,587.950877344962
247,23.609323941824055,28.872989434552064,69.95105311100697,586.9597601360562
248,23.476177443847483,28.72319962432842,69.93256849267414,585.954792617674
249,23.3424453618449,28.57275103207551,69.91114063993454,584.9360492395851
250,23.208167323518367,28.421688238958165,69.88677590232341,583.9036054721001
251,23.073383118348612,28.270056008142188,69.8594814996383,582.8575378004778
252,22.9381326858045,28.11789927153006,69.82926551979982,581.7979237192601
253,22.80245610350814,27.965263116446653,69.7961369164549,580.7248417265312
254,22.666393575359002,27.812192772278877,69.76010550632368,579.6383713181016
255,22.52998541962065,27.658733597073233,69.72118196629062,578.5385929816194
256,22.39327205697356,27.504931064095256,69.67937783024064,577.4255881906079
257,22.256293998537593,27.35083074835479,69.63470548564149,576.2994393984288
258,22.119091833867703,27.196478313101167,69.58717816987297,575.1602300321755
259,21.981706218926345,27.041919496292138,69.53680996630446,574.008044486491
260,21.844177864036244,26.887200097040775,69.48361580012171,572.8429681173172
261,21.706547521817065,26.7323659620442,69.4276114339042,571.6650872355707
262,21.56885597510951,26.577462971998198,69.36881346295431,570.474489100749
263,21.431144024890497,26.42253702800181,69.3072393103798,569.2712619144663
264,21.293452478182942,26.26763403795581,69.24290722193093,568.0554948139194
265,21.155822135963756,26.112799902959228,69.17583626059394,566.8272778652838
266,21.01829378107366,25.958080503707865,69.10604630094217,565.5867020570419
267,20.880908166132294,25.803521686898833,69.03355802324684,564.3338592932422
268,20.743706001462407,25.649169251645205,68.9583929073491,563.0688423866911
269,20.606727943026446,25.49506893590475,68.88057322629493,561.7917450520769
270,20.470014580379356,25.341266402926774,68.80012203973536,560.5026618990273
271,20.333606424641005,25.18780722772113,68.71706318709322,559.2016884251008
272,20.19754389649187,25.03473688355335,68.63142128049911,557.8889210087116
273,20.061867314195503,24.88210072846994,68.54322169749827,556.5644569019904
274,19.92661688165139,24.729943991857816,68.45249057353064,555.2283942235791
275,19.791832676481633,24.57831176104184,68.35925479418637,553.8808319513623
276,19.657554638155105,24.42724896792449,68.2635419872391,552.5218699151351
277,19.523822556152517,24.276800375671584,68.16538051445916,551.1516087892068
278,19.39067605817594,24.127010565447936,68.06479946320945,549.7701500849436
279,19.25815459840627,23.977923923207054,67.96182863782616,548.3775961432481
280,19.126297445812078,23.82958462653859,67.85649855078715,546.9740501269773
281,18.995143672513386,23.68203663157756,67.74884041367041,545.5596160133013
282,18.86473214220376,23.535323659979227,67.63888612790542,544.1343985859987
283,18.735101498634133,23.3894891859634,67.52666827532008,542.6985034276959
284,18.60629015416186,23.244576423432093,67.41222010848595,541.252036912044
285,18.478336278368282,23.100628313164318,67.29557554086487,539.795106195839
286,18.35127778674827,22.9576875100918,67.17676913675962,538.3278192110836
287,18.22515232947503,22.81579637065941,67.05583610107178,536.8502846569909
288,18.099997280243567,22.674996940274013,66.93281226886978,535.3626119919321
289,17.97584972519604,22.535330940845544,66.80773409477015,533.8649114253278
290,17.852746451932326,22.39683975842387,66.68063864213534,532.3572939094829
291,17.73072393860909,22.259564430935225,66.55156357209086,530.839871131368
292,17.609818343130478,22.123545636021788,66.42054713236564,529.3127555043441
293,17.490065492433796,21.98882367898802,66.28762814595834,527.7760601598363
294,17.37150087187318,21.855438480857327,66.15284599963327,526.2298989389515
295,17.254159614704534,21.723429566542602,66.01624063224922,524.6743863840459
296,17.138076491674795,21.592836053134143,65.87785252292473,523.1096377302388
297,17.02328590071859,21.463696638308413,65.73772267904324,521.5357688968763
298,16.909821856765404,21.33604958886108,65.59589262410177,519.9528964789432
299,16.797717981660213,21.20993272936774,65.45240438540651,518.361137738426
300,16.687007494200618,21.085383430975696,65.30730048161934,516.7606105956254
301,16.577723200293377,20.96243860033005,65.16062391015853,515.1514336204211
302,16.469897483233325,20.84113466863749,65.01241813445776,513.5337260234876
303,16.363562294107492,20.721507580870927,64.8627270710869,511.90760764746307
304,16.258749142327318,20.603592785118234,64.71159507673863,510.2731989580707
305,16.155489086291734,20.4874252220782,64.55906693508459,508.63062103519496
306,16.05381272418387,20.373039314706855,64.40518784350495,506.9799955639118
307,15.953750184904184,20.260468958017206,64.25000339969554,505.32144482547346
308,15.85533111914258,20.149747509035404,64.09355958815621,503.65509168825
309,15.758584690592308,20.040907776916345,63.935902766564666,501.9810595986272
310,15.6635395673081,19.933982013221613,63.777079652039646,500.2994725718609
311,15.570223913211233,19.829001902362638,63.617137307297675,498.6104551828904
312,15.478665379743934,19.725998552211927,63.45612312670733,496.9141325571089
313,15.388891097675657,19.625002484885115,63.2940848222453,495.21063036109496
314,15.300927669063675,19.526043627696634,63.13107040935827,493.5000747933019
315,15.214801159370285,19.42915130429157,62.967128192734904,491.7825925747097
316,15.130537089739077,19.33435422595646,62.80230675199216,490.0583109394367
317,15.048160429432443,19.241680483111498,62.63665492728007,488.3273576253141
318,14.967695588432674,19.15115753698676,62.470221804809356,486.5898608644227
319,14.889166410208725,19.062812211484815,62.30305670230612,484.8459493735936
320,14.812596164650909,18.97667068523227,62.13520915439796,483.09575234487227
321,14.738007541175493,18.89275848382243,61.966728897935766,481.33939943594817
322,14.665422642001385,18.81110047225156,61.79766585725562,479.57702076054886
323,14.594862975600709,18.731720847550797,61.62807012938517,477.8087468788018
324,14.526349450325426,18.654643131616105,61.45799196919875,476.0347087875614
325,14.459902368211715,18.57989016423818,61.287481774525816,474.2550379107049
326,14.395541418964056,18.507484096334565,61.116590071216955,472.4698660893967
327,14.333285674120729,18.43744638338582,60.94536749817199,470.6793255723202
328,14.273153581402527,18.369797779077842,60.77386479233463,468.88354900588195
329,14.215162959246271,18.30455832915205,60.60213277365793,467.08266942438365
330,14.159330991524854,18.241747365465457,60.430222330045304,465.276820240168
331,14.105674222455253,18.181383500262157,60.25818440227133,463.46613523373406
332,14.054208551696165,18.123484620658186,60.08606996888689,461.6507485438275
333,14.004949229636548,18.068067883341115,59.91393003111312,459.8307946575032
334,13.957910852876635,18.015149709486217,59.741815597728674,458.00640840016155
335,13.913107359902627,17.964745779890457,59.569777669954696,456.17772492556117
336,13.870552026956435,17.916871030325993,59.39786722634207,454.3448797058058
337,13.830257464101628,17.871539647114332,59.226135207665365,452.5080085213091
338,13.792235611486811,17.828765062922663,59.05463250182801,450.6672474507347
339,13.756497735807487,17.788559952783423,58.88340992878305,448.82273286091646
340,13.723054426967511,17.75093623033845,58.71251822547419,446.97460139675513
341,13.691915594941054,17.715905044308684,58.542008030801256,445.12298997109633
342,13.66309046683608,17.68347677519059,58.371929870614835,443.26803575458683
343,13.636587584160143,17.65366103218016,58.20233414274438,441.40987616551377
344,13.612414800289358,17.626466650325526,58.03327110206424,439.5486488596237
345,13.590579278141277,17.601901687908935,57.864790845602045,437.68449171992506
346,13.571087488052363,17.57997342405891,57.69694329769388,435.81754284647377
347,13.553945205860686,17.56068835659327,57.529778195190644,433.9479405461419
348,13.539157511194421,17.544052200093724,57.36334507271993,432.0758233223725
349,13.52672878596664,17.53006988421247,57.19769324800784,430.2013298649182
350,13.516662713076862,17.51874555221147,57.032871807265096,428.3245990395679
351,13.508962275319732,17.5100825597347,56.868929590641734,426.4457698778576
352,13.50362975450114,17.504083473813786,56.7059151777547,424.56498156677293
353,13.500666730762097,17.50075007210736,56.54387687329267,422.68237343843566
354,13.50007408211048,17.50008334237429,56.382862692702325,420.7980849597838
355,13.501851984160872,17.502083482180982,56.222920347960354,418.9122557222382
356,13.505999910082533,17.50674989884285,56.064097233435334,417.0250254313619
357,13.512516630755485,17.514081209599922,55.90644041184379,415.1365338965104
358,13.521400215134756,17.5240752420266,55.74999660030446,413.2469210204745
359,13.532648030822568,17.53672903467539,55.594812156495045,411.3563267891159
360,13.546256744848385,17.552038837954434,55.44093306491541,409.46489126099675
361,13.562222324656542,17.570000115238606,55.28840492326136,407.57275455700415
362,13.580540039301177,17.590607544213825,55.1372729289131,405.6800568499693
363,13.601204460848109,17.613855018454124,54.987581865542246,403.7869383542836
364,13.624209465983261,17.63973564923117,54.83937608984147,401.89353931551153
365,13.649548237827126,17.668241767555514,54.69269951838067,399.99999999999994
